{
  "1": "Profecía de la palabra de Jehová acerca de Israel. Jehová, que extiende los cielos y funda la tierra, y forma el espíritu del hombre dentro de él, ha dicho:",
  "2": "He aquí yo pongo a Jerusalén por copa que hará temblar a todos los pueblos de alrededor contra Judá, en el sitio contra Jerusalén.",
  "3": "Y en aquel día yo pondré a Jerusalén por piedra pesada a todos los pueblos; todos los que se la cargaren serán despedazados, bien que todas las naciones de la tierra se juntarán contra ella.",
  "4": "En aquel día, dice Jehová, heriré con pánico a todo caballo, y con locura al jinete; mas sobre la casa de Judá abriré mis ojos, y a todo caballo de los pueblos heriré con ceguera.",
  "5": "Y los capitanes de Judá dirán en su corazón: Tienen fuerza los habitantes de Jerusalén en Jehová de los ejércitos, su Dios.",
  "6": "En aquel día pondré a los capitanes de Judá como brasero de fuego entre leña, y como antorcha ardiendo entre gavillas; y consumirán a diestra y a siniestra a todos los pueblos alrededor; y Jerusalén será otra vez habitada en su lugar, en Jerusalén.",
  "7": "Y librará Jehová las tiendas de Judá primero, para que la gloria de la casa de David y del habitante de Jerusalén no se engrandezca sobre Judá.",
  "8": "En aquel día Jehová defenderá al morador de Jerusalén; el que entre ellos fuere débil, en aquel tiempo será como David; y la casa de David como Dios, como el ángel de Jehová delante de ellos.",
  "9": "Y en aquel día yo procuraré destruir a todas las naciones que vinieren contra Jerusalén.",
  "10": "Y derramaré sobre la casa de David, y sobre los moradores de Jerusalén, espíritu de gracia y de oración; y mirarán a mí, a quien traspasaron, y llorarán como se llora por hijo unigénito, afligiéndose por él como quien se aflige por el primogénito.",
  "11": "En aquel día habrá gran llanto en Jerusalén, como el llanto de Hadadrimón en el valle de Meguido.",
  "12": "Y la tierra lamentará, cada linaje aparte; los descendientes de la casa de David por sí, y sus mujeres por sí; los descendientes de la casa de Natán por sí, y sus mujeres por sí;",
  "13": "los descendientes de la casa de Leví por sí, y sus mujeres por sí; los descendientes de Simei por sí, y sus mujeres por sí;",
  "14": "todos los otros linajes, cada uno por sí, y sus mujeres por sí."
}