{
  "1": "En el año que vino el Tartán a Asdod, cuando lo envió Sargón rey de Asiria, y peleó contra Asdod y la tomó;",
  "2": "en aquel tiempo habló Jehová por medio de Isaías hijo de Amoz, diciendo: Ve y quita el cilicio de tus lomos, y descalza las sandalias de tus pies. Y lo hizo así, andando desnudo y descalzo.",
  "3": "Y dijo Jehová: De la manera que anduvo mi siervo Isaías desnudo y descalzo tres años, por señal y pronóstico sobre Egipto y sobre Etiopía,",
  "4": "así llevará el rey de Asiria a los cautivos de Egipto y los deportados de Etiopía, a jóvenes y a ancianos, desnudos y descalzos, y descubiertas las nalgas para vergüenza de Egipto.",
  "5": "Y se turbarán y avergonzarán de Etiopía su esperanza, y de Egipto su gloria.",
  "6": "Y dirá en aquel día el morador de esta costa: Mirad qué tal fue nuestra esperanza, a donde nos acogimos por socorro para ser libres de la presencia del rey de Asiria;  ¿y cómo escaparemos nosotros?"
}