{
  "1": "He aquí que Jehová vacía la tierra y la desnuda, y trastorna su faz, y hace esparcir a sus moradores.",
  "2": "Y sucederá así como al pueblo, también al sacerdote; como al siervo, así a su amo; como a la criada, a su ama; como al que compra, al que vende; como al que presta, al que toma prestado; como al que da a logro, así al que lo recibe.",
  "3": "La tierra será enteramente vaciada, y completamente saqueada; porque Jehová ha pronunciado esta palabra.",
  "4": "Se destruyó, cayó la tierra; enfermó, cayó el mundo; enfermaron los altos pueblos de la tierra.",
  "5": "Y la tierra se contaminó bajo sus moradores; porque traspasaron las leyes, falsearon el derecho, quebrantaron el pacto sempiterno.",
  "6": "Por esta causa la maldición consumió la tierra, y sus moradores fueron asolados; por esta causa fueron consumidos los habitantes de la tierra, y disminuyeron los hombres.",
  "7": "Se perdió el vino, enfermó la vid, gimieron todos los que eran alegres de corazón.",
  "8": "Cesó el regocijo de los panderos, se acabó el estruendo de los que se alegran, cesó la alegría del arpa.",
  "9": "No beberán vino con cantar; la sidra les será amarga a los que la bebieren.",
  "10": "Quebrantada está la ciudad por la vanidad; toda casa se ha cerrado, para que no entre nadie.",
  "11": "Hay clamores por falta de vino en las calles; todo gozo se oscureció, se desterró la alegría de la tierra.",
  "12": "La ciudad quedó desolada, y con ruina fue derribada la puerta.",
  "13": "Porque así será en medio de la tierra, en medio de los pueblos, como olivo sacudido, como rebuscos después de la vendimia.",
  "14": "Estos alzarán su voz, cantarán gozosos por la grandeza de Jehová; desde el mar darán voces.",
  "15": "Glorificad por esto a Jehová en los valles; en las orillas del mar sea nombrado Jehová Dios de Israel.",
  "16": "De lo postrero de la tierra oímos cánticos: Gloria al justo. Y yo dije:  ¡Mi desdicha, mi desdicha, ay de mí! Prevaricadores han prevaricado; y han prevaricado con prevaricación de desleales.",
  "17": "Terror, foso y red sobre ti, oh morador de la tierra.",
  "18": "Y acontecerá que el que huyere de la voz del terror caerá en el foso; y el que saliere de en medio del foso será preso en la red; porque de lo alto se abrirán ventanas, y temblarán los cimientos de la tierra.",
  "19": "Será quebrantada del todo la tierra, enteramente desmenuzada será la tierra, en gran manera será la tierra conmovida.",
  "20": "Temblará la tierra como un ebrio, y será removida como una choza; y se agravará sobre ella su pecado, y caerá, y nunca más se levantará.",
  "21": "Acontecerá en aquel día, que Jehová castigará al ejército de los cielos en lo alto, y a los reyes de la tierra sobre la tierra.",
  "22": "Y serán amontonados como se amontona a los encarcelados en mazmorra, y en prisión quedarán encerrados, y serán castigados después de muchos días.",
  "23": "La luna se avergonzará, y el sol se confundirá, cuando Jehová de los ejércitos reine en el monte de Sion y en Jerusalén, y delante de sus ancianos sea glorioso."
}