{
  "1": "Habló Jehová a Moisés, diciendo:",
  "2": "Manda a los hijos de Israel, y diles: Mi ofrenda, mi pan con mis ofrendas encendidas en olor grato a mí, guardaréis, ofreciéndomelo a su tiempo.",
  "3": "Y les dirás: Esta es la ofrenda encendida que ofreceréis a Jehová: dos corderos sin tacha de un año, cada día, será el holocausto continuo.",
  "4": "Un cordero ofrecerás por la mañana, y el otro cordero ofrecerás a la caída de la tarde;",
  "5": "y la décima parte de un efa  de flor de harina, amasada con un cuarto de un hin de aceite de olivas machacadas, en ofrenda.",
  "6": "Es holocausto continuo, que fue ordenado en el monte Sinaí para olor grato, ofrenda encendida a Jehová.",
  "7": "Y su libación, la cuarta parte de un hin  con cada cordero; derramarás libación de vino superior ante Jehová en el santuario.",
  "8": "Y ofrecerás el segundo cordero a la caída de la tarde; conforme a la ofrenda de la mañana y conforme a su libación ofrecerás, ofrenda encendida en olor grato a Jehová.",
  "9": "Mas el día de reposo, dos corderos de un año sin defecto, y dos décimas de flor de harina amasada con aceite, como ofrenda, con su libación.",
  "10": "Es el holocausto de cada día de reposo, además del holocausto continuo y su libación.",
  "11": "Al comienzo de vuestros meses ofreceréis en holocausto a Jehová dos becerros de la vacada, un carnero, y siete corderos de un año sin defecto;",
  "12": "y tres décimas de flor de harina amasada con aceite, como ofrenda con cada becerro; y dos décimas de flor de harina amasada con aceite, como ofrenda con cada carnero;",
  "13": "y una décima de flor de harina amasada con aceite, en ofrenda que se ofrecerá con cada cordero; holocausto de olor grato, ofrenda encendida a Jehová.",
  "14": "Y sus libaciones de vino, medio hin  con cada becerro, y la tercera parte de un hin con cada carnero, y la cuarta parte de un hin con cada cordero. Este es el holocausto de cada mes por todos los meses del año.",
  "15": "Y un macho cabrío en expiación se ofrecerá a Jehová, además del holocausto continuo con su libación.",
  "16": "Pero en el mes primero, a los catorce días del mes, será la pascua de Jehová.",
  "17": "Y a los quince días de este mes, la fiesta solemne; por siete días se comerán panes sin levadura.",
  "18": "El primer día será santa convocación; ninguna obra de siervos haréis.",
  "19": "Y ofreceréis como ofrenda encendida en holocausto a Jehová, dos becerros de la vacada, y un carnero, y siete corderos de un año; serán sin defecto.",
  "20": "Y su ofrenda de harina amasada con aceite: tres décimas con cada becerro, y dos décimas con cada carnero;",
  "21": "y con cada uno de los siete corderos ofreceréis una décima.",
  "22": "Y un macho cabrío por expiación, para reconciliaros.",
  "23": "Esto ofreceréis además del holocausto de la mañana, que es el holocausto continuo.",
  "24": "Conforme a esto ofreceréis cada uno de los siete días, vianda y ofrenda encendida en olor grato a Jehová; se ofrecerá además del holocausto continuo, con su libación.",
  "25": "Y el séptimo día tendréis santa convocación; ninguna obra de siervos haréis.",
  "26": "Además, el día de las primicias, cuando presentéis ofrenda nueva a Jehová en vuestras semanas, tendréis santa convocación; ninguna obra de siervos haréis.",
  "27": "Y ofreceréis en holocausto, en olor grato a Jehová, dos becerros de la vacada, un carnero, siete corderos de un año;",
  "28": "y la ofrenda de ellos, flor de harina amasada con aceite, tres décimas con cada becerro, dos décimas con cada carnero,",
  "29": "y con cada uno de los siete corderos una décima;",
  "30": "y un macho cabrío para hacer expiación por vosotros.",
  "31": "Los ofreceréis, además del holocausto continuo con sus ofrendas, y sus libaciones; serán sin defecto."
}