{
  "1": "Dios está en la reunión de los dioses; En medio de los dioses juzga.",
  "2": "¿Hasta cuándo juzgaréis injustamente, Y aceptaréis las personas de los impíos? Selah",
  "3": "Defended al débil y al huérfano; Haced justicia al afligido y al menesteroso.",
  "4": "Librad al afligido y al necesitado; Libradlo de mano de los impíos.",
  "5": "No saben, no entienden, Andan en tinieblas; Tiemblan todos los cimientos de la tierra.",
  "6": "Yo dije: Vosotros sois dioses, Y todos vosotros hijos del Altísimo;",
  "7": "Pero como hombres moriréis, Y como cualquiera de los príncipes caeréis.",
  "8": "Levántate, oh Dios, juzga la tierra; Porque tú heredarás todas las naciones."
}