{
  "1": "Profecía sobre Moab. Cierto, de noche fue destruida Ar de Moab, puesta en silencio. Cierto, de noche fue destruida Kir de Moab, reducida a silencio.",
  "2": "Subió a Bayit y a Dibón, lugares altos, a llorar; sobre Nebo y sobre Medeba aullará Moab; toda cabeza de ella será rapada, y toda barba rasurada.",
  "3": "Se ceñirán de cilicio en sus calles; en sus terrados y en sus plazas aullarán todos, deshaciéndose en llanto.",
  "4": "Hesbón y Eleale gritarán, hasta Jahaza se oirá su voz; por lo que aullarán los guerreros de Moab, se lamentará el alma de cada uno dentro de él.",
  "5": "Mi corazón dará gritos por Moab; sus fugitivos huirán hasta Zoar, como novilla de tres años. Por la cuesta de Luhit subirán llorando, y levantarán grito de quebrantamiento por el camino de Horonaim.",
  "6": "Las aguas de Nimrim serán consumidas, y se secará la hierba, se marchitarán los retoños, todo verdor perecerá.",
  "7": "Por tanto, las riquezas que habrán adquirido, y las que habrán reservado, las llevarán al torrente de los sauces.",
  "8": "Porque el llanto rodeó los límites de Moab; hasta Eglaim llegó su alarido, y hasta Beer-elim su clamor.",
  "9": "Y las aguas de Dimón se llenarán de sangre; porque yo traeré sobre Dimón males mayores, leones a los que escaparen de Moab, y a los sobrevivientes de la tierra."
}