{
  "1": "Benjamín engendró a Bela su primogénito, Asbel el segundo, Ahara el tercero,",
  "2": "Noha el cuarto, y Rafa el quinto.",
  "3": "Y los hijos de Bela fueron Adar, Gera, Abiud,",
  "4": "Abisúa, Naamán, Ahoa,",
  "5": "Gera, Sefufán e Hiram.",
  "6": "Y estos son los hijos de Aod, estos los jefes de casas paternas que habitaron en Geba y fueron transportados a Manahat:",
  "7": "Naamán, Ahías y Gera; éste los transportó, y engendró a Uza y a Ahiud.",
  "8": "Y Saharaim engendró hijos en la provincia de Moab, después que dejó a Husim y a Baara que eran sus mujeres.",
  "9": "Engendró, pues, de Hodes su mujer a Jobab, Sibia, Mesa, Malcam,",
  "10": "Jeúz, Saquías y Mirma. Estos son sus hijos, jefes de familias.",
  "11": "Mas de Husim engendró a Abitob y a Elpaal.",
  "12": "Y los hijos de Elpaal: Heber, Misam y Semed (el cual edificó Ono, y Lod con sus aldeas),",
  "13": "Bería también, y Sema, que fueron jefes de las familias de los moradores de Ajalón, los cuales echaron a los moradores de Gat.",
  "14": "Y Ahío, Sasac, Jeremot,",
  "15": "Zebadías, Arad, Ader,",
  "16": "Micael, Ispa y Joha, hijos de Bería.",
  "17": "Y Zebadías, Mesulam, Hizqui, Heber,",
  "18": "Ismerai, Jezlías y Jobab, hijos de Elpaal.",
  "19": "Y Jaquim, Zicri, Zabdi,",
  "20": "Elienai, Ziletai, Eliel,",
  "21": "Adaías, Beraías y Simrat, hijos de Simei.",
  "22": "E Ispán, Heber, Eliel,",
  "23": "Abdón, Zicri, Hanán,",
  "24": "Hananías, Elam, Anatotías,",
  "25": "Ifdaías y Peniel, hijos de Sasac.",
  "26": "Y Samserai, Seharías, Atalías,",
  "27": "Jaresías, Elías y Zicri, hijos de Jeroham.",
  "28": "Estos fueron jefes principales de familias por sus linajes, y habitaron en Jerusalén.",
  "29": "Y en Gabaón habitaron Abigabaón, la mujer del cual se llamó Maaca,",
  "30": "y su hijo primogénito Abdón, y Zur, Cis, Baal, Nadab,",
  "31": "Gedor, Ahío y Zequer.",
  "32": "Y Miclot engendró a Simea. Estos también habitaron con sus hermanos en Jerusalén, enfrente de ellos.",
  "33": "Ner engendró a Cis, Cis engendró a Saúl, y Saúl engendró a Jonatán, Malquisúa, Abinadab y Es-baal.",
  "34": "Hijo de Jonatán fue Merib-baal, y Merib-baal engendró a Micaía.",
  "35": "Los hijos de Micaía: Pitón, Melec, Tarea y Acaz.",
  "36": "Acaz engendró a Joada, Joada engendró a Alemet, Azmavet y Zimri, y Zimri engendró a Mosa.",
  "37": "Mosa engendró a Bina, hijo del cual fue Rafa, hijo del cual fue Elasa, cuyo hijo fue Azel.",
  "38": "Los hijos de Azel fueron seis, cuyos nombres son Azricam, Bocru, Ismael, Searías, Obadías y Hanán; todos éstos fueron hijos de Azel.",
  "39": "Y los hijos de Esec su hermano: Ulam su primogénito, Jehús el segundo, Elifelet el tercero.",
  "40": "Y fueron los hijos de Ulam hombres valientes y vigorosos, flecheros diestros, los cuales tuvieron muchos hijos y nietos, ciento cincuenta. Todos éstos fueron de los hijos de Benjamín."
}