{
  "1": "Cuando toda la gente hubo acabado de pasar el Jordán, Jehová habló a Josué, diciendo:",
  "2": "Tomad del pueblo doce hombres, uno de cada tribu,",
  "3": "y mandadles, diciendo: Tomad de aquí de en medio del Jordán, del lugar donde están firmes los pies de los sacerdotes, doce piedras, las cuales pasaréis con vosotros, y levantadlas en el lugar donde habéis de pasar la noche.",
  "4": "Entonces Josué llamó a los doce hombres a los cuales él había designado de entre los hijos de Israel, uno de cada tribu.",
  "5": "Y les dijo Josué: Pasad delante del arca de Jehová vuestro Dios a la mitad del Jordán, y cada uno de vosotros tome una piedra sobre su hombro, conforme al número de las tribus de los hijos de Israel,",
  "6": "para que esto sea señal entre vosotros; y cuando vuestros hijos preguntaren a sus padres mañana, diciendo: ¿Qué significan estas piedras?",
  "7": "les responderéis: Que las aguas del Jordán fueron divididas delante del arca del pacto de Jehová; cuando ella pasó el Jordán, las aguas del Jordán se dividieron; y estas piedras servirán de monumento conmemorativo a los hijos de Israel para siempre.",
  "8": "Y los hijos de Israel lo hicieron así como Josué les mandó: tomaron doce piedras de en medio del Jordán, como Jehová lo había dicho a Josué, conforme al número de las tribus de los hijos de Israel, y las pasaron al lugar donde acamparon, y las levantaron allí.",
  "9": "Josué también levantó doce piedras en medio del Jordán, en el lugar donde estuvieron los pies de los sacerdotes que llevaban el arca del pacto; y han estado allí hasta hoy.",
  "10": "Y los sacerdotes que llevaban el arca se pararon en medio del Jordán hasta que se hizo todo lo que Jehová había mandado a Josué que dijese al pueblo, conforme a todas las cosas que Moisés había mandado a Josué; y el pueblo se dio prisa y pasó.",
  "11": "Y cuando todo el pueblo acabó de pasar, también pasó el arca de Jehová, y los sacerdotes, en presencia del pueblo.",
  "12": "También los hijos de Rubén y los hijos de Gad y la media tribu de Manasés pasaron armados delante de los hijos de Israel, según Moisés les había dicho;",
  "13": "como cuarenta mil hombres armados, listos para la guerra, pasaron hacia la llanura de Jericó delante de Jehová.",
  "14": "En aquel día Jehová engrandeció a Josué a los ojos de todo Israel; y le temieron, como habían temido a Moisés, todos los días de su vida.",
  "15": "Luego Jehová habló a Josué, diciendo:",
  "16": "Manda a los sacerdotes que llevan el arca del testimonio, que suban del Jordán.",
  "17": "Y Josué mandó a los sacerdotes, diciendo: Subid del Jordán.",
  "18": "Y aconteció que cuando los sacerdotes que llevaban el arca del pacto de Jehová subieron de en medio del Jordán, y las plantas de los pies de los sacerdotes estuvieron en lugar seco, las aguas del Jordán se volvieron a su lugar, corriendo como antes sobre todos sus bordes.",
  "19": "Y el pueblo subió del Jordán el día diez del mes primero, y acamparon en Gilgal, al lado oriental de Jericó.",
  "20": "Y Josué erigió en Gilgal las doce piedras que habían traído del Jordán.",
  "21": "Y habló a los hijos de Israel, diciendo: Cuando mañana preguntaren vuestros hijos a sus padres, y dijeren: ¿Qué significan estas piedras?",
  "22": "declararéis a vuestros hijos, diciendo: Israel pasó en seco por este Jordán.",
  "23": "Porque Jehová vuestro Dios secó las aguas del Jordán delante de vosotros, hasta que habíais pasado, a la manera que Jehová vuestro Dios lo había hecho en el Mar Rojo, el cual secó delante de nosotros hasta que pasamos;",
  "24": "para que todos los pueblos de la tierra conozcan que la mano de Jehová es poderosa; para que temáis a Jehová vuestro Dios todos los días."
}