{
  "1": "Tocó en suerte a los hijos de José desde el Jordán de Jericó hasta las aguas de Jericó hacia el oriente, hacia el desierto que sube de Jericó por las montañas de Bet-el.",
  "2": "Y de Bet-el sale a Luz, y pasa a lo largo del territorio de los arquitas hasta Atarot,",
  "3": "y baja hacia el occidente al territorio de los jafletitas, hasta el límite de Bet-horón la de abajo, y hasta Gezer; y sale al mar.",
  "4": "Recibieron, pues, su heredad los hijos de José, Manasés y Efraín.",
  "5": "Y en cuanto al territorio de los hijos de Efraín por sus familias, el límite de su heredad al lado del oriente fue desde Atarot-adar hasta Bet-horón la de arriba.",
  "6": "Continúa el límite hasta el mar, y hasta Micmetat al norte, y da vuelta hacia el oriente hasta Taanat-silo, y de aquí pasa a Janoa.",
  "7": "De Janoa desciende a Atarot y a Naarat, y toca Jericó y sale al Jordán.",
  "8": "Y de Tapúa se vuelve hacia el mar, al arroyo de Caná, y sale al mar. Esta es la heredad de la tribu de los hijos de Efraín por sus familias.",
  "9": "Hubo también ciudades que se apartaron para los hijos de Efraín en medio de la heredad de los hijos de Manasés, todas ciudades con sus aldeas.",
  "10": "Pero no arrojaron al cananeo que habitaba en Gezer; antes quedó el cananeo en medio de Efraín, hasta hoy, y fue tributario."
}