{
  "1": "Se echaron también suertes para la tribu de Manasés, porque fue primogénito de José. Maquir, primogénito de Manasés y padre de Galaad, el cual fue hombre de guerra, tuvo Galaad y Basán.",
  "2": "Se echaron también suertes para los otros hijos de Manasés conforme a sus familias: los hijos de Abiezer, los hijos de Helec, los hijos de Asriel, los hijos de Siquem, los hijos de Hefer y los hijos de Semida; éstos fueron los hijos varones de Manasés hijo de José, por sus familias.",
  "3": "Pero Zelofehad hijo de Hefer, hijo de Galaad, hijo de Maquir, hijo de Manasés, no tuvo hijos sino hijas, los nombres de las cuales son estos: Maala, Noa, Hogla, Milca y Tirsa.",
  "4": "Estas vinieron delante del sacerdote Eleazar y de Josué hijo de Nun, y de los príncipes, y dijeron: Jehová mandó a Moisés que nos diese heredad entre nuestros hermanos. Y él les dio heredad entre los hermanos del padre de ellas, conforme al dicho de Jehová.",
  "5": "Y le tocaron a Manasés diez partes además de la tierra de Galaad y de Basán que está al otro lado del Jordán,",
  "6": "porque las hijas de Manasés tuvieron heredad entre sus hijos; y la tierra de Galaad fue de los otros hijos de Manasés.",
  "7": "Y fue el territorio de Manasés desde Aser hasta Micmetat, que está enfrente de Siquem; y va al sur, hasta los que habitan en Tapúa.",
  "8": "La tierra de Tapúa fue de Manasés; pero Tapúa misma, que está junto al límite de Manasés, es de los hijos de Efraín.",
  "9": "Desciende este límite al arroyo de Caná, hacia el sur del arroyo. Estas ciudades de Efraín están entre las ciudades de Manasés; y el límite de Manasés es desde el norte del mismo arroyo, y sus salidas son al mar.",
  "10": "Efraín al sur, y Manasés al norte, y el mar es su límite; y se encuentra con Aser al norte, y con Isacar al oriente.",
  "11": "Tuvo también Manasés en Isacar y en Aser a Bet-seán y sus aldeas, a Ibleam y sus aldeas, a los moradores de Dor y sus aldeas, a los moradores de Endor y sus aldeas, a los moradores de Taanac y sus aldeas, y a los moradores de Meguido y sus aldeas; tres provincias.",
  "12": "Mas los hijos de Manasés no pudieron arrojar a los de aquellas ciudades; y el cananeo persistió en habitar en aquella tierra.",
  "13": "Pero cuando los hijos de Israel fueron lo suficientemente fuertes, hicieron tributario al cananeo, mas no lo arrojaron.",
  "14": "Y los hijos de José hablaron a Josué, diciendo: ¿Por qué nos has dado por heredad una sola suerte y una sola parte, siendo nosotros un pueblo tan grande, y que Jehová nos ha bendecido hasta ahora?",
  "15": "Y Josué les respondió: Si sois pueblo tan grande, subid al bosque, y haceos desmontes allí en la tierra de los ferezeos y de los refaítas, ya que el monte de Efraín es estrecho para vosotros.",
  "16": "Y los hijos de José dijeron: No nos bastará a nosotros este monte; y todos los cananeos que habitan la tierra de la llanura, tienen carros herrados; los que están en Bet-seán y en sus aldeas, y los que están en el valle de Jezreel.",
  "17": "Entonces Josué respondió a la casa de José, a Efraín y a Manasés, diciendo: Tú eres gran pueblo, y tienes grande poder; no tendrás una sola parte,",
  "18": "sino que aquel monte será tuyo; pues aunque es bosque, tú lo desmontarás y lo poseerás hasta sus límites más lejanos; porque tú arrojarás al cananeo, aunque tenga carros herrados, y aunque sea fuerte."
}