{
  "1": "Los que confían en Jehová son como el monte de Sion, Que no se mueve, sino que permanece para siempre.",
  "2": "Como Jerusalén tiene montes alrededor de ella, Así Jehová está alrededor de su pueblo Desde ahora y para siempre.",
  "3": "Porque no reposará la vara de la impiedad sobre la heredad de los justos; No sea que extiendan los justos sus manos a la iniquidad.",
  "4": "Haz bien, oh Jehová, a los buenos, Y a los que son rectos en su corazón.",
  "5": "Mas a los que se apartan tras sus perversidades, Jehová los llevará con los que hacen iniquidad; Paz sea sobre Israel."
}