{
  "1": "Te exaltaré, mi Dios, mi Rey, Y bendeciré tu nombre eternamente y para siempre.",
  "2": "Cada día te bendeciré, Y alabaré tu nombre eternamente y para siempre.",
  "3": "Grande es Jehová, y digno de suprema alabanza; Y su grandeza es inescrutable.",
  "4": "Generación a generación celebrará tus obras, Y anunciará tus poderosos hechos.",
  "5": "En la hermosura de la gloria de tu magnificencia, Y en tus hechos maravillosos meditaré.",
  "6": "Del poder de tus hechos estupendos hablarán los hombres, Y yo publicaré tu grandeza.",
  "7": "Proclamarán la memoria de tu inmensa bondad, Y cantarán tu justicia.",
  "8": "Clemente y misericordioso es Jehová, Lento para la ira, y grande en misericordia.",
  "9": "Bueno es Jehová para con todos, Y sus misericordias sobre todas sus obras.",
  "10": "Te alaben, oh Jehová, todas tus obras, Y tus santos te bendigan.",
  "11": "La gloria de tu reino digan, Y hablen de tu poder,",
  "12": "Para hacer saber a los hijos de los hombres sus poderosos hechos, Y la gloria de la magnificencia de su reino.",
  "13": "Tu reino es reino de todos los siglos, Y tu señorío en todas las generaciones.",
  "14": "Sostiene Jehová a todos los que caen, Y levanta a todos los oprimidos.",
  "15": "Los ojos de todos esperan en ti, Y tú les das su comida a su tiempo.",
  "16": "Abres tu mano, Y colmas de bendición a todo ser viviente.",
  "17": "Justo es Jehová en todos sus caminos, Y misericordioso en todas sus obras.",
  "18": "Cercano está Jehová a todos los que le invocan, A todos los que le invocan de veras.",
  "19": "Cumplirá el deseo de los que le temen; Oirá asimismo el clamor de ellos, y los salvará.",
  "20": "Jehová guarda a todos los que le aman, Mas destruirá a todos los impíos.",
  "21": "La alabanza de Jehová proclamará mi boca; Y todos bendigan su santo nombre eternamente y para siempre."
}