{
  "1": "Pablo, prisionero de Jesucristo, y el hermano Timoteo, al amado Filemón, colaborador nuestro,",
  "2": "y a la amada hermana Apia, y a Arquipo nuestro compañero de milicia, y a la iglesia que está en tu casa:",
  "3": "Gracia y paz a vosotros, de Dios nuestro Padre y del Señor Jesucristo.",
  "4": "Doy gracias a mi Dios, haciendo siempre memoria de tí en mis oraciones,",
  "5": "porque oigo del amor y de la fe que tienes hacia el Señor Jesús, y para con todos los santos;",
  "6": "para que la participación de tu fe sea eficaz en el conocimiento de todo el bien que está en vosotros por Cristo Jesús.",
  "7": "Pues tenemos gran gozo y consolación en tu amor, porque por ti, oh hermano, han sido confortados los corazones de los santos.",
  "8": "Por lo cual, aunque tengo mucha libertad en Cristo para mandarte lo que conviene,",
  "9": "más bien te ruego por amor, siendo como soy, Pablo ya anciano, y ahora, además, prisionero de Jesucristo;",
  "10": "te ruego por mi hijo Onésimo, a quien engendré en mis prisiones,",
  "11": "el cual en otro tiempo te fue inútil, pero ahora a ti y a mí nos es útil,",
  "12": "el cual vuelvo a enviarte; tú, pues, recíbele como a mí mismo.",
  "13": "Yo quisiera retenerle conmigo, para que en lugar tuyo me sirviese en mis prisiones por el evangelio;",
  "14": "pero nada quise hacer sin tu consentimiento, para que tu favor no fuese como de necesidad, sino voluntario.",
  "15": "Porque quizás para esto se apartó de ti por algún tiempo, para que le recibieses para siempre;",
  "16": "o ya como esclavo, sino como más que esclavo, como hermano amado, mayormente para mí, pero cuánto más para ti, tanto en la carne como en el Señor.",
  "17": "Así que, si me tienes por compañero, recíbele como a mí mismo.",
  "18": "Y si en algo te dañó, o te debe, ponlo a mi cuenta.",
  "19": "Yo Pablo lo escribo de mi mano, yo lo pagaré; por no decirte que aun tú mismo te me debes también.",
  "20": "Sí, hermano, tenga yo algún provecho de ti en el Señor; conforta mi corazón en el Señor.",
  "21": "Te he escrito confiando en tu obediencia, sabiendo que harás aun más de lo que te digo.",
  "22": "Prepárame también alojamiento; porque espero que por vuestras oraciones os seré concedido.",
  "23": "Te saludan Epafras, mi compañero de prisiones por Cristo Jesús,",
  "24": "Marcos, Aristarco, Demas y Lucas, mis colaboradores.",
  "25": "La gracia de nuestro Señor Jesucristo sea con vuestro espíritu. Amén."
}