{
  "1": "Palabra de Jehová que vino al profeta Jeremías acerca de los filisteos, antes que Faraón destruyese a Gaza.",
  "2": "Así ha dicho Jehová: He aquí que suben aguas del norte, y se harán torrente; inundarán la tierra y su plenitud, la ciudad y los moradores de ella; y los hombres clamarán, y lamentará todo morador de la tierra.",
  "3": "Por el sonido de los cascos de sus caballos, por el alboroto de sus carros, por el estruendo de sus ruedas, los padres no cuidaron a los hijos por la debilidad de sus manos;",
  "4": "a causa del día que viene para destrucción de todos los filisteos, para destruir a Tiro y a Sidón todo aliado que les queda todavía; porque Jehová destruirá a los filisteos, al resto de la costa de Caftor.",
  "5": "Gaza fue rapada, Ascalón ha perecido, y el resto de su valle;  ¿hasta cuándo te sajarás?",
  "6": "Oh espada de Jehová,  ¿hasta cuándo reposarás? Vuelve a tu vaina, reposa y sosiégate.",
  "7": "¿Cómo reposarás? pues Jehová te ha enviado contra Ascalón, y contra la costa del mar, allí te puso."
}